timestamp,company,price
2017-01-01,IMPORTCN,41335.55
2017-01-02,IMPORTCN,41059.724516129034
2017-01-03,IMPORTCN,40783.899032258065
2017-01-04,IMPORTCN,40508.073548387096
2017-01-05,IMPORTCN,40232.248064516134
2017-01-06,IMPORTCN,39956.422580645165
2017-01-07,IMPORTCN,39680.597096774196
2017-01-08,IMPORTCN,39404.77161290323
2017-01-09,IMPORTCN,39128.94612903226
2017-01-10,IMPORTCN,38853.12064516129
2017-01-11,IMPORTCN,38577.29516129033
2017-01-12,IMPORTCN,38301.46967741936
2017-01-13,IMPORTCN,38025.64419354839
2017-01-14,IMPORTCN,37749.81870967742
2017-01-15,IMPORTCN,37473.99322580645
2017-01-16,IMPORTCN,37198.16774193548
2017-01-17,IMPORTCN,36922.34225806452
2017-01-18,IMPORTCN,36646.51677419355
2017-01-19,IMPORTCN,36370.69129032258
2017-01-20,IMPORTCN,36094.86580645161
2017-01-21,IMPORTCN,35819.040322580644
2017-01-22,IMPORTCN,35543.214838709675
2017-01-23,IMPORTCN,35267.38935483871
2017-01-24,IMPORTCN,34991.563870967744
2017-01-25,IMPORTCN,34715.738387096775
2017-01-26,IMPORTCN,34439.912903225806
2017-01-27,IMPORTCN,34164.08741935484
2017-01-28,IMPORTCN,33888.26193548387
2017-01-29,IMPORTCN,33612.436451612906
2017-01-30,IMPORTCN,33336.61096774194
2017-01-31,IMPORTCN,33060.78548387097
2017-02-01,IMPORTCN,32784.96
2017-02-02,IMPORTCN,32834.13964285714
2017-02-03,IMPORTCN,32883.319285714286
2017-02-04,IMPORTCN,32932.498928571425
2017-02-05,IMPORTCN,32981.67857142857
2017-02-06,IMPORTCN,33030.85821428571
2017-02-07,IMPORTCN,33080.03785714286
2017-02-08,IMPORTCN,33129.2175
2017-02-09,IMPORTCN,33178.39714285714
2017-02-10,IMPORTCN,33227.576785714286
2017-02-11,IMPORTCN,33276.756428571425
2017-02-12,IMPORTCN,33325.93607142857
2017-02-13,IMPORTCN,33375.11571428571
2017-02-14,IMPORTCN,33424.29535714286
2017-02-15,IMPORTCN,33473.475
2017-02-16,IMPORTCN,33522.65464285714
2017-02-17,IMPORTCN,33571.834285714285
2017-02-18,IMPORTCN,33621.013928571425
2017-02-19,IMPORTCN,33670.19357142857
2017-02-20,IMPORTCN,33719.37321428571
2017-02-21,IMPORTCN,33768.55285714286
2017-02-22,IMPORTCN,33817.7325
2017-02-23,IMPORTCN,33866.91214285714
2017-02-24,IMPORTCN,33916.091785714285
2017-02-25,IMPORTCN,33965.271428571425
2017-02-26,IMPORTCN,34014.45107142857
2017-02-27,IMPORTCN,34063.63071428571
2017-02-28,IMPORTCN,34112.81035714286
2017-03-01,IMPORTCN,34161.99
2017-03-02,IMPORTCN,34267.79258064516
2017-03-03,IMPORTCN,34373.59516129032
2017-03-04,IMPORTCN,34479.397741935485
2017-03-05,IMPORTCN,34585.20032258064
2017-03-06,IMPORTCN,34691.0029032258
2017-03-07,IMPORTCN,34796.805483870965
2017-03-08,IMPORTCN,34902.60806451613
2017-03-09,IMPORTCN,35008.41064516129
2017-03-10,IMPORTCN,35114.21322580645
2017-03-11,IMPORTCN,35220.015806451614
2017-03-12,IMPORTCN,35325.81838709678
2017-03-13,IMPORTCN,35431.62096774193
2017-03-14,IMPORTCN,35537.423548387094
2017-03-15,IMPORTCN,35643.22612903226
2017-03-16,IMPORTCN,35749.02870967742
2017-03-17,IMPORTCN,35854.83129032258
2017-03-18,IMPORTCN,35960.633870967744
2017-03-19,IMPORTCN,36066.436451612906
2017-03-20,IMPORTCN,36172.23903225807
2017-03-21,IMPORTCN,36278.041612903224
2017-03-22,IMPORTCN,36383.844193548386
2017-03-23,IMPORTCN,36489.64677419355
2017-03-24,IMPORTCN,36595.44935483871
2017-03-25,IMPORTCN,36701.25193548387
2017-03-26,IMPORTCN,36807.054516129036
2017-03-27,IMPORTCN,36912.8570967742
2017-03-28,IMPORTCN,37018.65967741936
2017-03-29,IMPORTCN,37124.462258064515
2017-03-30,IMPORTCN,37230.26483870968
2017-03-31,IMPORTCN,37336.06741935484
2017-04-01,IMPORTCN,37441.87
2017-04-02,IMPORTCN,37585.702333333335
2017-04-03,IMPORTCN,37729.53466666667
2017-04-04,IMPORTCN,37873.367000000006
2017-04-05,IMPORTCN,38017.19933333334
2017-04-06,IMPORTCN,38161.03166666667
2017-04-07,IMPORTCN,38304.864
2017-04-08,IMPORTCN,38448.69633333333
2017-04-09,IMPORTCN,38592.528666666665
2017-04-10,IMPORTCN,38736.361000000004
2017-04-11,IMPORTCN,38880.193333333336
2017-04-12,IMPORTCN,39024.02566666667
2017-04-13,IMPORTCN,39167.858
2017-04-14,IMPORTCN,39311.69033333333
2017-04-15,IMPORTCN,39455.522666666664
2017-04-16,IMPORTCN,39599.355
2017-04-17,IMPORTCN,39743.187333333335
2017-04-18,IMPORTCN,39887.01966666667
2017-04-19,IMPORTCN,40030.852
2017-04-20,IMPORTCN,40174.68433333333
2017-04-21,IMPORTCN,40318.51666666666
2017-04-22,IMPORTCN,40462.349
2017-04-23,IMPORTCN,40606.181333333334
2017-04-24,IMPORTCN,40750.013666666666
2017-04-25,IMPORTCN,40893.846
2017-04-26,IMPORTCN,41037.67833333333
2017-04-27,IMPORTCN,41181.51066666666
2017-04-28,IMPORTCN,41325.343
2017-04-29,IMPORTCN,41469.17533333333
2017-04-30,IMPORTCN,41613.007666666665
2017-05-01,IMPORTCN,41756.84
2017-05-02,IMPORTCN,41773.00903225806
2017-05-03,IMPORTCN,41789.17806451613
2017-05-04,IMPORTCN,41805.34709677419
2017-05-05,IMPORTCN,41821.51612903226
2017-05-06,IMPORTCN,41837.68516129032
2017-05-07,IMPORTCN,41853.85419354839
2017-05-08,IMPORTCN,41870.02322580645
2017-05-09,IMPORTCN,41886.19225806451
2017-05-10,IMPORTCN,41902.36129032258
2017-05-11,IMPORTCN,41918.53032258064
2017-05-12,IMPORTCN,41934.69935483871
2017-05-13,IMPORTCN,41950.86838709677
2017-05-14,IMPORTCN,41967.037419354834
2017-05-15,IMPORTCN,41983.2064516129
2017-05-16,IMPORTCN,41999.375483870965
2017-05-17,IMPORTCN,42015.54451612903
2017-05-18,IMPORTCN,42031.713548387095
2017-05-19,IMPORTCN,42047.882580645164
2017-05-20,IMPORTCN,42064.051612903226
2017-05-21,IMPORTCN,42080.22064516129
2017-05-22,IMPORTCN,42096.389677419356
2017-05-23,IMPORTCN,42112.55870967742
2017-05-24,IMPORTCN,42128.72774193549
2017-05-25,IMPORTCN,42144.89677419355
2017-05-26,IMPORTCN,42161.06580645161
2017-05-27,IMPORTCN,42177.23483870968
2017-05-28,IMPORTCN,42193.40387096774
2017-05-29,IMPORTCN,42209.57290322581
2017-05-30,IMPORTCN,42225.74193548387
2017-05-31,IMPORTCN,42241.91096774194
2017-06-01,IMPORTCN,42258.08
2017-06-02,IMPORTCN,42301.51433333333
2017-06-03,IMPORTCN,42344.94866666667
2017-06-04,IMPORTCN,42388.383
2017-06-05,IMPORTCN,42431.81733333333
2017-06-06,IMPORTCN,42475.25166666667
2017-06-07,IMPORTCN,42518.686
2017-06-08,IMPORTCN,42562.12033333333
2017-06-09,IMPORTCN,42605.55466666667
2017-06-10,IMPORTCN,42648.989
2017-06-11,IMPORTCN,42692.42333333333
2017-06-12,IMPORTCN,42735.85766666667
2017-06-13,IMPORTCN,42779.292
2017-06-14,IMPORTCN,42822.72633333333
2017-06-15,IMPORTCN,42866.16066666667
2017-06-16,IMPORTCN,42909.595
2017-06-17,IMPORTCN,42953.02933333333
2017-06-18,IMPORTCN,42996.46366666667
2017-06-19,IMPORTCN,43039.898
2017-06-20,IMPORTCN,43083.33233333333
2017-06-21,IMPORTCN,43126.76666666667
2017-06-22,IMPORTCN,43170.201
2017-06-23,IMPORTCN,43213.63533333333
2017-06-24,IMPORTCN,43257.06966666667
2017-06-25,IMPORTCN,43300.504
2017-06-26,IMPORTCN,43343.93833333333
2017-06-27,IMPORTCN,43387.37266666667
2017-06-28,IMPORTCN,43430.807
2017-06-29,IMPORTCN,43474.24133333333
2017-06-30,IMPORTCN,43517.67566666667
2017-07-01,IMPORTCN,43561.11
2017-07-02,IMPORTCN,43632.761612903225
2017-07-03,IMPORTCN,43704.41322580645
2017-07-04,IMPORTCN,43776.06483870968
2017-07-05,IMPORTCN,43847.716451612905
2017-07-06,IMPORTCN,43919.36806451613
2017-07-07,IMPORTCN,43991.019677419354
2017-07-08,IMPORTCN,44062.67129032258
2017-07-09,IMPORTCN,44134.32290322581
2017-07-10,IMPORTCN,44205.974516129034
2017-07-11,IMPORTCN,44277.62612903226
2017-07-12,IMPORTCN,44349.27774193548
2017-07-13,IMPORTCN,44420.92935483871
2017-07-14,IMPORTCN,44492.58096774194
2017-07-15,IMPORTCN,44564.23258064516
2017-07-16,IMPORTCN,44635.88419354839
2017-07-17,IMPORTCN,44707.53580645161
2017-07-18,IMPORTCN,44779.187419354836
2017-07-19,IMPORTCN,44850.83903225806
2017-07-20,IMPORTCN,44922.49064516129
2017-07-21,IMPORTCN,44994.142258064516
2017-07-22,IMPORTCN,45065.79387096774
2017-07-23,IMPORTCN,45137.445483870964
2017-07-24,IMPORTCN,45209.09709677419
2017-07-25,IMPORTCN,45280.74870967742
2017-07-26,IMPORTCN,45352.400322580645
2017-07-27,IMPORTCN,45424.05193548387
2017-07-28,IMPORTCN,45495.70354838709
2017-07-29,IMPORTCN,45567.35516129032
2017-07-30,IMPORTCN,45639.00677419355
2017-07-31,IMPORTCN,45710.65838709677
2017-08-01,IMPORTCN,45782.31
2017-08-02,IMPORTCN,45770.14032258064
2017-08-03,IMPORTCN,45757.97064516129
2017-08-04,IMPORTCN,45745.80096774193
2017-08-05,IMPORTCN,45733.63129032258
2017-08-06,IMPORTCN,45721.46161290322
2017-08-07,IMPORTCN,45709.29193548387
2017-08-08,IMPORTCN,45697.12225806451
2017-08-09,IMPORTCN,45684.952580645164
2017-08-10,IMPORTCN,45672.78290322581
2017-08-11,IMPORTCN,45660.61322580645
2017-08-12,IMPORTCN,45648.4435483871
2017-08-13,IMPORTCN,45636.27387096774
2017-08-14,IMPORTCN,45624.10419354839
2017-08-15,IMPORTCN,45611.93451612903
2017-08-16,IMPORTCN,45599.76483870968
2017-08-17,IMPORTCN,45587.59516129032
2017-08-18,IMPORTCN,45575.42548387097
2017-08-19,IMPORTCN,45563.25580645161
2017-08-20,IMPORTCN,45551.08612903226
2017-08-21,IMPORTCN,45538.9164516129
2017-08-22,IMPORTCN,45526.74677419355
2017-08-23,IMPORTCN,45514.57709677419
2017-08-24,IMPORTCN,45502.40741935484
2017-08-25,IMPORTCN,45490.23774193549
2017-08-26,IMPORTCN,45478.068064516134
2017-08-27,IMPORTCN,45465.89838709678
2017-08-28,IMPORTCN,45453.72870967742
2017-08-29,IMPORTCN,45441.55903225807
2017-08-30,IMPORTCN,45429.38935483871
2017-08-31,IMPORTCN,45417.21967741936
2017-09-01,IMPORTCN,45405.05
2017-09-02,IMPORTCN,45495.98666666667
2017-09-03,IMPORTCN,45586.92333333334
2017-09-04,IMPORTCN,45677.86
2017-09-05,IMPORTCN,45768.79666666667
2017-09-06,IMPORTCN,45859.73333333334
2017-09-07,IMPORTCN,45950.670000000006
2017-09-08,IMPORTCN,46041.60666666667
2017-09-09,IMPORTCN,46132.543333333335
2017-09-10,IMPORTCN,46223.48
2017-09-11,IMPORTCN,46314.41666666667
2017-09-12,IMPORTCN,46405.35333333333
2017-09-13,IMPORTCN,46496.29
2017-09-14,IMPORTCN,46587.22666666667
2017-09-15,IMPORTCN,46678.16333333334
2017-09-16,IMPORTCN,46769.100000000006
2017-09-17,IMPORTCN,46860.03666666667
2017-09-18,IMPORTCN,46950.973333333335
2017-09-19,IMPORTCN,47041.91
2017-09-20,IMPORTCN,47132.84666666667
2017-09-21,IMPORTCN,47223.78333333333
2017-09-22,IMPORTCN,47314.72
2017-09-23,IMPORTCN,47405.65666666667
2017-09-24,IMPORTCN,47496.59333333334
2017-09-25,IMPORTCN,47587.53
2017-09-26,IMPORTCN,47678.46666666667
2017-09-27,IMPORTCN,47769.403333333335
2017-09-28,IMPORTCN,47860.340000000004
2017-09-29,IMPORTCN,47951.276666666665
2017-09-30,IMPORTCN,48042.21333333333
2017-10-01,IMPORTCN,48133.15
2017-10-02,IMPORTCN,48132.23516129032
2017-10-03,IMPORTCN,48131.32032258065
2017-10-04,IMPORTCN,48130.40548387097
2017-10-05,IMPORTCN,48129.49064516129
2017-10-06,IMPORTCN,48128.57580645161
2017-10-07,IMPORTCN,48127.66096774194
2017-10-08,IMPORTCN,48126.74612903226
2017-10-09,IMPORTCN,48125.83129032258
2017-10-10,IMPORTCN,48124.9164516129
2017-10-11,IMPORTCN,48124.00161290323
2017-10-12,IMPORTCN,48123.08677419355
2017-10-13,IMPORTCN,48122.17193548387
2017-10-14,IMPORTCN,48121.25709677419
2017-10-15,IMPORTCN,48120.34225806452
2017-10-16,IMPORTCN,48119.42741935484
2017-10-17,IMPORTCN,48118.51258064516
2017-10-18,IMPORTCN,48117.59774193548
2017-10-19,IMPORTCN,48116.68290322581
2017-10-20,IMPORTCN,48115.76806451613
2017-10-21,IMPORTCN,48114.85322580645
2017-10-22,IMPORTCN,48113.93838709677
2017-10-23,IMPORTCN,48113.0235483871
2017-10-24,IMPORTCN,48112.10870967742
2017-10-25,IMPORTCN,48111.19387096774
2017-10-26,IMPORTCN,48110.27903225806
2017-10-27,IMPORTCN,48109.36419354839
2017-10-28,IMPORTCN,48108.44935483871
2017-10-29,IMPORTCN,48107.53451612903
2017-10-30,IMPORTCN,48106.61967741935
2017-10-31,IMPORTCN,48105.70483870968
2017-11-01,IMPORTCN,48104.79
2017-11-02,IMPORTCN,47982.60966666667
2017-11-03,IMPORTCN,47860.42933333333
2017-11-04,IMPORTCN,47738.249
2017-11-05,IMPORTCN,47616.068666666666
2017-11-06,IMPORTCN,47493.888333333336
2017-11-07,IMPORTCN,47371.708
2017-11-08,IMPORTCN,47249.52766666667
2017-11-09,IMPORTCN,47127.34733333333
2017-11-10,IMPORTCN,47005.167
2017-11-11,IMPORTCN,46882.986666666664
2017-11-12,IMPORTCN,46760.806333333334
2017-11-13,IMPORTCN,46638.626
2017-11-14,IMPORTCN,46516.44566666667
2017-11-15,IMPORTCN,46394.26533333333
2017-11-16,IMPORTCN,46272.085
2017-11-17,IMPORTCN,46149.90466666667
2017-11-18,IMPORTCN,46027.72433333333
2017-11-19,IMPORTCN,45905.544
2017-11-20,IMPORTCN,45783.363666666664
2017-11-21,IMPORTCN,45661.183333333334
2017-11-22,IMPORTCN,45539.003
2017-11-23,IMPORTCN,45416.82266666667
2017-11-24,IMPORTCN,45294.64233333333
2017-11-25,IMPORTCN,45172.462
2017-11-26,IMPORTCN,45050.28166666666
2017-11-27,IMPORTCN,44928.10133333333
2017-11-28,IMPORTCN,44805.920999999995
2017-11-29,IMPORTCN,44683.740666666665
2017-11-30,IMPORTCN,44561.56033333333
2017-12-01,IMPORTCN,44439.38
2017-12-02,IMPORTCN,44479.44225806451
2017-12-03,IMPORTCN,44519.50451612903
2017-12-04,IMPORTCN,44559.56677419355
2017-12-05,IMPORTCN,44599.62903225806
2017-12-06,IMPORTCN,44639.691290322575
2017-12-07,IMPORTCN,44679.753548387096
2017-12-08,IMPORTCN,44719.81580645161
2017-12-09,IMPORTCN,44759.878064516124
2017-12-10,IMPORTCN,44799.940322580645
2017-12-11,IMPORTCN,44840.00258064516
2017-12-12,IMPORTCN,44880.06483870967
2017-12-13,IMPORTCN,44920.12709677419
2017-12-14,IMPORTCN,44960.18935483871
2017-12-15,IMPORTCN,45000.25161290322
2017-12-16,IMPORTCN,45040.31387096774
2017-12-17,IMPORTCN,45080.37612903226
2017-12-18,IMPORTCN,45120.43838709677
2017-12-19,IMPORTCN,45160.500645161286
2017-12-20,IMPORTCN,45200.56290322581
2017-12-21,IMPORTCN,45240.62516129032
2017-12-22,IMPORTCN,45280.687419354836
2017-12-23,IMPORTCN,45320.74967741935
2017-12-24,IMPORTCN,45360.81193548387
2017-12-25,IMPORTCN,45400.874193548385
2017-12-26,IMPORTCN,45440.9364516129
2017-12-27,IMPORTCN,45480.99870967742
2017-12-28,IMPORTCN,45521.060967741934
2017-12-29,IMPORTCN,45561.12322580645
2017-12-30,IMPORTCN,45601.18548387096
2017-12-31,IMPORTCN,45641.247741935484
2018-01-01,IMPORTCN,45681.31
2018-01-02,IMPORTCN,45464.369999999995
2018-01-03,IMPORTCN,45247.43
2018-01-04,IMPORTCN,45030.49
2018-01-05,IMPORTCN,44813.549999999996
2018-01-06,IMPORTCN,44596.61
2018-01-07,IMPORTCN,44379.67
2018-01-08,IMPORTCN,44162.729999999996
2018-01-09,IMPORTCN,43945.79
2018-01-10,IMPORTCN,43728.85
2018-01-11,IMPORTCN,43511.909999999996
2018-01-12,IMPORTCN,43294.97
2018-01-13,IMPORTCN,43078.03
2018-01-14,IMPORTCN,42861.09
2018-01-15,IMPORTCN,42644.15
2018-01-16,IMPORTCN,42427.21
2018-01-17,IMPORTCN,42210.27
2018-01-18,IMPORTCN,41993.33
2018-01-19,IMPORTCN,41776.39
2018-01-20,IMPORTCN,41559.45
2018-01-21,IMPORTCN,41342.509999999995
2018-01-22,IMPORTCN,41125.57
2018-01-23,IMPORTCN,40908.63
2018-01-24,IMPORTCN,40691.689999999995
2018-01-25,IMPORTCN,40474.75
2018-01-26,IMPORTCN,40257.81
2018-01-27,IMPORTCN,40040.869999999995
2018-01-28,IMPORTCN,39823.93
2018-01-29,IMPORTCN,39606.99
2018-01-30,IMPORTCN,39390.049999999996
2018-01-31,IMPORTCN,39173.11
2018-02-01,IMPORTCN,38956.17
2018-02-02,IMPORTCN,38931.80071428571
2018-02-03,IMPORTCN,38907.43142857143
2018-02-04,IMPORTCN,38883.06214285714
2018-02-05,IMPORTCN,38858.69285714286
2018-02-06,IMPORTCN,38834.32357142857
2018-02-07,IMPORTCN,38809.95428571429
2018-02-08,IMPORTCN,38785.585
2018-02-09,IMPORTCN,38761.21571428571
2018-02-10,IMPORTCN,38736.84642857143
2018-02-11,IMPORTCN,38712.47714285714
2018-02-12,IMPORTCN,38688.10785714286
2018-02-13,IMPORTCN,38663.73857142857
2018-02-14,IMPORTCN,38639.36928571429
2018-02-15,IMPORTCN,38615.0
2018-02-16,IMPORTCN,38590.63071428571
2018-02-17,IMPORTCN,38566.26142857143
2018-02-18,IMPORTCN,38541.89214285714
2018-02-19,IMPORTCN,38517.52285714286
2018-02-20,IMPORTCN,38493.15357142857
2018-02-21,IMPORTCN,38468.78428571429
2018-02-22,IMPORTCN,38444.415
2018-02-23,IMPORTCN,38420.04571428571
2018-02-24,IMPORTCN,38395.67642857143
2018-02-25,IMPORTCN,38371.30714285714
2018-02-26,IMPORTCN,38346.93785714286
2018-02-27,IMPORTCN,38322.56857142857
2018-02-28,IMPORTCN,38298.19928571429
2018-03-01,IMPORTCN,38273.83
2018-03-02,IMPORTCN,38272.344193548386
2018-03-03,IMPORTCN,38270.85838709678
2018-03-04,IMPORTCN,38269.37258064516
2018-03-05,IMPORTCN,38267.88677419355
2018-03-06,IMPORTCN,38266.40096774194
2018-03-07,IMPORTCN,38264.91516129032
2018-03-08,IMPORTCN,38263.42935483871
2018-03-09,IMPORTCN,38261.9435483871
2018-03-10,IMPORTCN,38260.45774193548
2018-03-11,IMPORTCN,38258.971935483874
2018-03-12,IMPORTCN,38257.48612903226
2018-03-13,IMPORTCN,38256.00032258064
2018-03-14,IMPORTCN,38254.514516129035
2018-03-15,IMPORTCN,38253.02870967742
2018-03-16,IMPORTCN,38251.5429032258
2018-03-17,IMPORTCN,38250.057096774195
2018-03-18,IMPORTCN,38248.57129032258
2018-03-19,IMPORTCN,38247.085483870964
2018-03-20,IMPORTCN,38245.599677419355
2018-03-21,IMPORTCN,38244.11387096774
2018-03-22,IMPORTCN,38242.628064516124
2018-03-23,IMPORTCN,38241.142258064516
2018-03-24,IMPORTCN,38239.6564516129
2018-03-25,IMPORTCN,38238.17064516129
2018-03-26,IMPORTCN,38236.684838709676
2018-03-27,IMPORTCN,38235.19903225806
2018-03-28,IMPORTCN,38233.71322580645
2018-03-29,IMPORTCN,38232.22741935484
2018-03-30,IMPORTCN,38230.74161290322
2018-03-31,IMPORTCN,38229.25580645161
2018-04-01,IMPORTCN,38227.77
2018-04-02,IMPORTCN,38415.73033333333
2018-04-03,IMPORTCN,38603.69066666666
2018-04-04,IMPORTCN,38791.651
2018-04-05,IMPORTCN,38979.611333333334
2018-04-06,IMPORTCN,39167.57166666666
2018-04-07,IMPORTCN,39355.532
2018-04-08,IMPORTCN,39543.49233333333
2018-04-09,IMPORTCN,39731.452666666664
2018-04-10,IMPORTCN,39919.413
2018-04-11,IMPORTCN,40107.37333333333
2018-04-12,IMPORTCN,40295.333666666666
2018-04-13,IMPORTCN,40483.294
2018-04-14,IMPORTCN,40671.25433333333
2018-04-15,IMPORTCN,40859.21466666667
2018-04-16,IMPORTCN,41047.174999999996
2018-04-17,IMPORTCN,41235.13533333333
2018-04-18,IMPORTCN,41423.09566666667
2018-04-19,IMPORTCN,41611.056
2018-04-20,IMPORTCN,41799.01633333333
2018-04-21,IMPORTCN,41986.97666666667
2018-04-22,IMPORTCN,42174.937
2018-04-23,IMPORTCN,42362.897333333334
2018-04-24,IMPORTCN,42550.85766666667
2018-04-25,IMPORTCN,42738.818
2018-04-26,IMPORTCN,42926.778333333335
2018-04-27,IMPORTCN,43114.738666666664
2018-04-28,IMPORTCN,43302.699
2018-04-29,IMPORTCN,43490.65933333334
2018-04-30,IMPORTCN,43678.619666666666
2018-05-01,IMPORTCN,43866.58
2018-05-02,IMPORTCN,43887.78741935484
2018-05-03,IMPORTCN,43908.99483870968
2018-05-04,IMPORTCN,43930.20225806452
2018-05-05,IMPORTCN,43951.40967741935
2018-05-06,IMPORTCN,43972.61709677419
2018-05-07,IMPORTCN,43993.82451612903
2018-05-08,IMPORTCN,44015.03193548387
2018-05-09,IMPORTCN,44036.23935483871
2018-05-10,IMPORTCN,44057.44677419355
2018-05-11,IMPORTCN,44078.65419354839
2018-05-12,IMPORTCN,44099.86161290323
2018-05-13,IMPORTCN,44121.06903225806
2018-05-14,IMPORTCN,44142.2764516129
2018-05-15,IMPORTCN,44163.48387096774
2018-05-16,IMPORTCN,44184.69129032258
2018-05-17,IMPORTCN,44205.89870967742
2018-05-18,IMPORTCN,44227.10612903226
2018-05-19,IMPORTCN,44248.3135483871
2018-05-20,IMPORTCN,44269.52096774194
2018-05-21,IMPORTCN,44290.72838709677
2018-05-22,IMPORTCN,44311.93580645161
2018-05-23,IMPORTCN,44333.14322580645
2018-05-24,IMPORTCN,44354.35064516129
2018-05-25,IMPORTCN,44375.55806451613
2018-05-26,IMPORTCN,44396.76548387097
2018-05-27,IMPORTCN,44417.97290322581
2018-05-28,IMPORTCN,44439.18032258065
2018-05-29,IMPORTCN,44460.38774193548
2018-05-30,IMPORTCN,44481.59516129032
2018-05-31,IMPORTCN,44502.80258064516
2018-06-01,IMPORTCN,44524.01
2018-06-02,IMPORTCN,44606.868
2018-06-03,IMPORTCN,44689.726
2018-06-04,IMPORTCN,44772.584
2018-06-05,IMPORTCN,44855.442
2018-06-06,IMPORTCN,44938.3
2018-06-07,IMPORTCN,45021.158
2018-06-08,IMPORTCN,45104.016
2018-06-09,IMPORTCN,45186.874
2018-06-10,IMPORTCN,45269.732
2018-06-11,IMPORTCN,45352.590000000004
2018-06-12,IMPORTCN,45435.448000000004
2018-06-13,IMPORTCN,45518.306000000004
2018-06-14,IMPORTCN,45601.164000000004
2018-06-15,IMPORTCN,45684.022000000004
2018-06-16,IMPORTCN,45766.880000000005
2018-06-17,IMPORTCN,45849.738
2018-06-18,IMPORTCN,45932.596
2018-06-19,IMPORTCN,46015.454
2018-06-20,IMPORTCN,46098.312
2018-06-21,IMPORTCN,46181.17
2018-06-22,IMPORTCN,46264.028
2018-06-23,IMPORTCN,46346.886
2018-06-24,IMPORTCN,46429.744
2018-06-25,IMPORTCN,46512.602
2018-06-26,IMPORTCN,46595.46
2018-06-27,IMPORTCN,46678.318
2018-06-28,IMPORTCN,46761.176
2018-06-29,IMPORTCN,46844.034
2018-06-30,IMPORTCN,46926.892
2018-07-01,IMPORTCN,47009.75
2018-07-02,IMPORTCN,47035.119032258066
2018-07-03,IMPORTCN,47060.48806451613
2018-07-04,IMPORTCN,47085.85709677419
2018-07-05,IMPORTCN,47111.22612903226
2018-07-06,IMPORTCN,47136.59516129032
2018-07-07,IMPORTCN,47161.96419354839
2018-07-08,IMPORTCN,47187.333225806455
2018-07-09,IMPORTCN,47212.70225806451
2018-07-10,IMPORTCN,47238.07129032258
2018-07-11,IMPORTCN,47263.440322580645
2018-07-12,IMPORTCN,47288.80935483871
2018-07-13,IMPORTCN,47314.17838709678
2018-07-14,IMPORTCN,47339.547419354836
2018-07-15,IMPORTCN,47364.9164516129
2018-07-16,IMPORTCN,47390.28548387097
2018-07-17,IMPORTCN,47415.654516129034
2018-07-18,IMPORTCN,47441.0235483871
2018-07-19,IMPORTCN,47466.392580645166
2018-07-20,IMPORTCN,47491.761612903225
2018-07-21,IMPORTCN,47517.13064516129
2018-07-22,IMPORTCN,47542.49967741936
2018-07-23,IMPORTCN,47567.86870967742
2018-07-24,IMPORTCN,47593.23774193549
2018-07-25,IMPORTCN,47618.60677419355
2018-07-26,IMPORTCN,47643.97580645161
2018-07-27,IMPORTCN,47669.34483870968
2018-07-28,IMPORTCN,47694.713870967746
2018-07-29,IMPORTCN,47720.08290322581
2018-07-30,IMPORTCN,47745.45193548387
2018-07-31,IMPORTCN,47770.820967741936
2018-08-01,IMPORTCN,47796.19
2018-08-02,IMPORTCN,47865.282258064515
2018-08-03,IMPORTCN,47934.374516129035
2018-08-04,IMPORTCN,48003.46677419355
2018-08-05,IMPORTCN,48072.55903225807
2018-08-06,IMPORTCN,48141.65129032258
2018-08-07,IMPORTCN,48210.7435483871
2018-08-08,IMPORTCN,48279.835806451614
2018-08-09,IMPORTCN,48348.928064516134
2018-08-10,IMPORTCN,48418.02032258065
2018-08-11,IMPORTCN,48487.11258064517
2018-08-12,IMPORTCN,48556.20483870968
2018-08-13,IMPORTCN,48625.29709677419
2018-08-14,IMPORTCN,48694.38935483871
2018-08-15,IMPORTCN,48763.481612903226
2018-08-16,IMPORTCN,48832.573870967746
2018-08-17,IMPORTCN,48901.66612903226
2018-08-18,IMPORTCN,48970.75838709678
2018-08-19,IMPORTCN,49039.85064516129
2018-08-20,IMPORTCN,49108.94290322581
2018-08-21,IMPORTCN,49178.035161290325
2018-08-22,IMPORTCN,49247.12741935484
2018-08-23,IMPORTCN,49316.21967741936
2018-08-24,IMPORTCN,49385.31193548387
2018-08-25,IMPORTCN,49454.40419354839
2018-08-26,IMPORTCN,49523.496451612904
2018-08-27,IMPORTCN,49592.588709677424
2018-08-28,IMPORTCN,49661.68096774194
2018-08-29,IMPORTCN,49730.77322580646
2018-08-30,IMPORTCN,49799.86548387097
2018-08-31,IMPORTCN,49868.95774193549
2018-09-01,IMPORTCN,49938.05
2018-09-02,IMPORTCN,50009.484000000004
2018-09-03,IMPORTCN,50080.918000000005
2018-09-04,IMPORTCN,50152.352000000006
2018-09-05,IMPORTCN,50223.786
2018-09-06,IMPORTCN,50295.22
2018-09-07,IMPORTCN,50366.654
2018-09-08,IMPORTCN,50438.088
2018-09-09,IMPORTCN,50509.522000000004
2018-09-10,IMPORTCN,50580.956000000006
2018-09-11,IMPORTCN,50652.39
2018-09-12,IMPORTCN,50723.824
2018-09-13,IMPORTCN,50795.258
2018-09-14,IMPORTCN,50866.692
2018-09-15,IMPORTCN,50938.126000000004
2018-09-16,IMPORTCN,51009.560000000005
2018-09-17,IMPORTCN,51080.994
2018-09-18,IMPORTCN,51152.428
2018-09-19,IMPORTCN,51223.862
2018-09-20,IMPORTCN,51295.296
2018-09-21,IMPORTCN,51366.73
2018-09-22,IMPORTCN,51438.164000000004
2018-09-23,IMPORTCN,51509.598
2018-09-24,IMPORTCN,51581.032
2018-09-25,IMPORTCN,51652.466
2018-09-26,IMPORTCN,51723.9
2018-09-27,IMPORTCN,51795.334
2018-09-28,IMPORTCN,51866.768000000004
2018-09-29,IMPORTCN,51938.202
2018-09-30,IMPORTCN,52009.636
2018-10-01,IMPORTCN,52081.07
2018-10-02,IMPORTCN,51896.02161290323
2018-10-03,IMPORTCN,51710.973225806454
2018-10-04,IMPORTCN,51525.924838709674
2018-10-05,IMPORTCN,51340.8764516129
2018-10-06,IMPORTCN,51155.82806451613
2018-10-07,IMPORTCN,50970.779677419356
2018-10-08,IMPORTCN,50785.73129032258
2018-10-09,IMPORTCN,50600.6829032258
2018-10-10,IMPORTCN,50415.63451612903
2018-10-11,IMPORTCN,50230.58612903226
2018-10-12,IMPORTCN,50045.537741935485
2018-10-13,IMPORTCN,49860.48935483871
2018-10-14,IMPORTCN,49675.44096774193
2018-10-15,IMPORTCN,49490.39258064516
2018-10-16,IMPORTCN,49305.344193548386
2018-10-17,IMPORTCN,49120.29580645161
2018-10-18,IMPORTCN,48935.24741935484
2018-10-19,IMPORTCN,48750.19903225806
2018-10-20,IMPORTCN,48565.15064516129
2018-10-21,IMPORTCN,48380.102258064515
2018-10-22,IMPORTCN,48195.05387096774
2018-10-23,IMPORTCN,48010.00548387097
2018-10-24,IMPORTCN,47824.9570967742
2018-10-25,IMPORTCN,47639.90870967742
2018-10-26,IMPORTCN,47454.860322580644
2018-10-27,IMPORTCN,47269.81193548387
2018-10-28,IMPORTCN,47084.7635483871
2018-10-29,IMPORTCN,46899.715161290325
2018-10-30,IMPORTCN,46714.666774193545
2018-10-31,IMPORTCN,46529.61838709677
2018-11-01,IMPORTCN,46344.57
2018-11-02,IMPORTCN,46326.913
2018-11-03,IMPORTCN,46309.256
2018-11-04,IMPORTCN,46291.599
2018-11-05,IMPORTCN,46273.942
2018-11-06,IMPORTCN,46256.284999999996
2018-11-07,IMPORTCN,46238.628
2018-11-08,IMPORTCN,46220.971
2018-11-09,IMPORTCN,46203.314
2018-11-10,IMPORTCN,46185.657
2018-11-11,IMPORTCN,46168.0
2018-11-12,IMPORTCN,46150.343
2018-11-13,IMPORTCN,46132.686
2018-11-14,IMPORTCN,46115.029
2018-11-15,IMPORTCN,46097.372
2018-11-16,IMPORTCN,46079.715
2018-11-17,IMPORTCN,46062.058
2018-11-18,IMPORTCN,46044.401
2018-11-19,IMPORTCN,46026.744
2018-11-20,IMPORTCN,46009.087
2018-11-21,IMPORTCN,45991.43
2018-11-22,IMPORTCN,45973.773
2018-11-23,IMPORTCN,45956.116
2018-11-24,IMPORTCN,45938.459
2018-11-25,IMPORTCN,45920.802
2018-11-26,IMPORTCN,45903.145
2018-11-27,IMPORTCN,45885.488
2018-11-28,IMPORTCN,45867.831
2018-11-29,IMPORTCN,45850.174
2018-11-30,IMPORTCN,45832.517
2018-12-01,IMPORTCN,45814.86
2018-12-02,IMPORTCN,45669.300322580646
2018-12-03,IMPORTCN,45523.74064516129
2018-12-04,IMPORTCN,45378.18096774194
2018-12-05,IMPORTCN,45232.62129032258
2018-12-06,IMPORTCN,45087.06161290323
2018-12-07,IMPORTCN,44941.50193548387
2018-12-08,IMPORTCN,44795.94225806452
2018-12-09,IMPORTCN,44650.382580645164
2018-12-10,IMPORTCN,44504.82290322581
2018-12-11,IMPORTCN,44359.263225806455
2018-12-12,IMPORTCN,44213.7035483871
2018-12-13,IMPORTCN,44068.143870967746
2018-12-14,IMPORTCN,43922.58419354839
2018-12-15,IMPORTCN,43777.02451612904
2018-12-16,IMPORTCN,43631.46483870968
2018-12-17,IMPORTCN,43485.90516129033
2018-12-18,IMPORTCN,43340.345483870966
2018-12-19,IMPORTCN,43194.78580645161
2018-12-20,IMPORTCN,43049.22612903226
2018-12-21,IMPORTCN,42903.6664516129
2018-12-22,IMPORTCN,42758.10677419355
2018-12-23,IMPORTCN,42612.54709677419
2018-12-24,IMPORTCN,42466.98741935484
2018-12-25,IMPORTCN,42321.427741935484
2018-12-26,IMPORTCN,42175.86806451613
2018-12-27,IMPORTCN,42030.308387096775
2018-12-28,IMPORTCN,41884.74870967742
2018-12-29,IMPORTCN,41739.189032258066
2018-12-30,IMPORTCN,41593.62935483871
2018-12-31,IMPORTCN,41448.06967741936
2019-01-01,IMPORTCN,41302.51
2019-01-02,IMPORTCN,41035.58258064516
2019-01-03,IMPORTCN,40768.65516129033
2019-01-04,IMPORTCN,40501.72774193549
2019-01-05,IMPORTCN,40234.800322580646
2019-01-06,IMPORTCN,39967.872903225805
2019-01-07,IMPORTCN,39700.94548387097
2019-01-08,IMPORTCN,39434.01806451613
2019-01-09,IMPORTCN,39167.09064516129
2019-01-10,IMPORTCN,38900.16322580646
2019-01-11,IMPORTCN,38633.235806451616
2019-01-12,IMPORTCN,38366.308387096775
2019-01-13,IMPORTCN,38099.380967741934
2019-01-14,IMPORTCN,37832.4535483871
2019-01-15,IMPORTCN,37565.52612903226
2019-01-16,IMPORTCN,37298.59870967742
2019-01-17,IMPORTCN,37031.671290322585
2019-01-18,IMPORTCN,36764.743870967744
2019-01-19,IMPORTCN,36497.8164516129
2019-01-20,IMPORTCN,36230.88903225806
2019-01-21,IMPORTCN,35963.96161290323
2019-01-22,IMPORTCN,35697.03419354839
2019-01-23,IMPORTCN,35430.10677419355
2019-01-24,IMPORTCN,35163.179354838714
2019-01-25,IMPORTCN,34896.25193548387
2019-01-26,IMPORTCN,34629.32451612903
2019-01-27,IMPORTCN,34362.3970967742
2019-01-28,IMPORTCN,34095.46967741936
2019-01-29,IMPORTCN,33828.54225806452
2019-01-30,IMPORTCN,33561.61483870968
2019-01-31,IMPORTCN,33294.68741935484
2019-02-01,IMPORTCN,33027.76
2019-02-02,IMPORTCN,32958.14928571429
2019-02-03,IMPORTCN,32888.53857142857
2019-02-04,IMPORTCN,32818.92785714286
2019-02-05,IMPORTCN,32749.317142857144
2019-02-06,IMPORTCN,32679.70642857143
2019-02-07,IMPORTCN,32610.095714285715
2019-02-08,IMPORTCN,32540.485
2019-02-09,IMPORTCN,32470.874285714286
2019-02-10,IMPORTCN,32401.26357142857
2019-02-11,IMPORTCN,32331.652857142857
2019-02-12,IMPORTCN,32262.042142857143
2019-02-13,IMPORTCN,32192.431428571428
2019-02-14,IMPORTCN,32122.820714285714
2019-02-15,IMPORTCN,32053.21
2019-02-16,IMPORTCN,31983.59928571429
2019-02-17,IMPORTCN,31913.988571428574
2019-02-18,IMPORTCN,31844.37785714286
2019-02-19,IMPORTCN,31774.767142857145
2019-02-20,IMPORTCN,31705.15642857143
2019-02-21,IMPORTCN,31635.545714285716
2019-02-22,IMPORTCN,31565.935
2019-02-23,IMPORTCN,31496.324285714287
2019-02-24,IMPORTCN,31426.713571428572
2019-02-25,IMPORTCN,31357.102857142858
2019-02-26,IMPORTCN,31287.492142857143
2019-02-27,IMPORTCN,31217.88142857143
2019-02-28,IMPORTCN,31148.270714285714
2019-03-01,IMPORTCN,31078.66
2019-03-02,IMPORTCN,31189.00806451613
2019-03-03,IMPORTCN,31299.356129032258
2019-03-04,IMPORTCN,31409.704193548387
2019-03-05,IMPORTCN,31520.052258064516
2019-03-06,IMPORTCN,31630.400322580645
2019-03-07,IMPORTCN,31740.748387096774
2019-03-08,IMPORTCN,31851.096451612902
2019-03-09,IMPORTCN,31961.44451612903
2019-03-10,IMPORTCN,32071.79258064516
2019-03-11,IMPORTCN,32182.14064516129
2019-03-12,IMPORTCN,32292.48870967742
2019-03-13,IMPORTCN,32402.836774193547
2019-03-14,IMPORTCN,32513.184838709676
2019-03-15,IMPORTCN,32623.532903225805
2019-03-16,IMPORTCN,32733.880967741934
2019-03-17,IMPORTCN,32844.22903225807
2019-03-18,IMPORTCN,32954.57709677419
2019-03-19,IMPORTCN,33064.92516129032
2019-03-20,IMPORTCN,33175.27322580645
2019-03-21,IMPORTCN,33285.62129032258
2019-03-22,IMPORTCN,33395.96935483871
2019-03-23,IMPORTCN,33506.31741935483
2019-03-24,IMPORTCN,33616.665483870966
2019-03-25,IMPORTCN,33727.0135483871
2019-03-26,IMPORTCN,33837.36161290322
2019-03-27,IMPORTCN,33947.70967741935
2019-03-28,IMPORTCN,34058.05774193548
2019-03-29,IMPORTCN,34168.405806451614
2019-03-30,IMPORTCN,34278.75387096774
2019-03-31,IMPORTCN,34389.101935483865
2019-04-01,IMPORTCN,34499.45
2019-04-02,IMPORTCN,34650.26433333333
2019-04-03,IMPORTCN,34801.07866666666
2019-04-04,IMPORTCN,34951.893
2019-04-05,IMPORTCN,35102.70733333333
2019-04-06,IMPORTCN,35253.52166666666
2019-04-07,IMPORTCN,35404.335999999996
2019-04-08,IMPORTCN,35555.15033333333
2019-04-09,IMPORTCN,35705.96466666667
2019-04-10,IMPORTCN,35856.778999999995
2019-04-11,IMPORTCN,36007.59333333333
2019-04-12,IMPORTCN,36158.407666666666
2019-04-13,IMPORTCN,36309.221999999994
2019-04-14,IMPORTCN,36460.03633333333
2019-04-15,IMPORTCN,36610.850666666665
2019-04-16,IMPORTCN,36761.66499999999
2019-04-17,IMPORTCN,36912.47933333333
2019-04-18,IMPORTCN,37063.293666666665
2019-04-19,IMPORTCN,37214.108
2019-04-20,IMPORTCN,37364.92233333333
2019-04-21,IMPORTCN,37515.736666666664
2019-04-22,IMPORTCN,37666.551
2019-04-23,IMPORTCN,37817.36533333333
2019-04-24,IMPORTCN,37968.17966666666
2019-04-25,IMPORTCN,38118.994
2019-04-26,IMPORTCN,38269.80833333333
2019-04-27,IMPORTCN,38420.62266666666
2019-04-28,IMPORTCN,38571.437
2019-04-29,IMPORTCN,38722.25133333333
2019-04-30,IMPORTCN,38873.06566666666
2019-05-01,IMPORTCN,39023.88
2019-05-02,IMPORTCN,39014.49612903225
2019-05-03,IMPORTCN,39005.11225806452
2019-05-04,IMPORTCN,38995.72838709677
2019-05-05,IMPORTCN,38986.34451612903
2019-05-06,IMPORTCN,38976.960645161285
2019-05-07,IMPORTCN,38967.57677419355
2019-05-08,IMPORTCN,38958.192903225805
2019-05-09,IMPORTCN,38948.80903225806
2019-05-10,IMPORTCN,38939.425161290324
2019-05-11,IMPORTCN,38930.04129032258
2019-05-12,IMPORTCN,38920.65741935484
2019-05-13,IMPORTCN,38911.27354838709
2019-05-14,IMPORTCN,38901.889677419356
2019-05-15,IMPORTCN,38892.50580645161
2019-05-16,IMPORTCN,38883.12193548387
2019-05-17,IMPORTCN,38873.73806451613
2019-05-18,IMPORTCN,38864.35419354839
2019-05-19,IMPORTCN,38854.970322580644
2019-05-20,IMPORTCN,38845.58645161291
2019-05-21,IMPORTCN,38836.202580645164
2019-05-22,IMPORTCN,38826.81870967742
2019-05-23,IMPORTCN,38817.434838709676
2019-05-24,IMPORTCN,38808.05096774194
2019-05-25,IMPORTCN,38798.667096774196
2019-05-26,IMPORTCN,38789.28322580645
2019-05-27,IMPORTCN,38779.899354838715
2019-05-28,IMPORTCN,38770.51548387097
2019-05-29,IMPORTCN,38761.13161290323
2019-05-30,IMPORTCN,38751.747741935484
2019-05-31,IMPORTCN,38742.36387096775
2019-06-01,IMPORTCN,38732.98
2019-06-02,IMPORTCN,38816.453
2019-06-03,IMPORTCN,38899.926
2019-06-04,IMPORTCN,38983.399000000005
2019-06-05,IMPORTCN,39066.872
2019-06-06,IMPORTCN,39150.345
2019-06-07,IMPORTCN,39233.818
2019-06-08,IMPORTCN,39317.291000000005
2019-06-09,IMPORTCN,39400.764
2019-06-10,IMPORTCN,39484.237
2019-06-11,IMPORTCN,39567.71
2019-06-12,IMPORTCN,39651.183000000005
2019-06-13,IMPORTCN,39734.656
2019-06-14,IMPORTCN,39818.129
2019-06-15,IMPORTCN,39901.602
2019-06-16,IMPORTCN,39985.075
2019-06-17,IMPORTCN,40068.548
2019-06-18,IMPORTCN,40152.021
2019-06-19,IMPORTCN,40235.494
2019-06-20,IMPORTCN,40318.967
2019-06-21,IMPORTCN,40402.44
2019-06-22,IMPORTCN,40485.913
2019-06-23,IMPORTCN,40569.386
2019-06-24,IMPORTCN,40652.859
2019-06-25,IMPORTCN,40736.332
2019-06-26,IMPORTCN,40819.805
2019-06-27,IMPORTCN,40903.278
2019-06-28,IMPORTCN,40986.751
2019-06-29,IMPORTCN,41070.224
2019-06-30,IMPORTCN,41153.697
2019-07-01,IMPORTCN,41237.17
2019-07-02,IMPORTCN,41228.088387096774
2019-07-03,IMPORTCN,41219.00677419355
2019-07-04,IMPORTCN,41209.925161290324
2019-07-05,IMPORTCN,41200.84354838709
2019-07-06,IMPORTCN,41191.76193548387
2019-07-07,IMPORTCN,41182.68032258064
2019-07-08,IMPORTCN,41173.59870967742
2019-07-09,IMPORTCN,41164.517096774194
2019-07-10,IMPORTCN,41155.43548387097
2019-07-11,IMPORTCN,41146.35387096774
2019-07-12,IMPORTCN,41137.27225806451
2019-07-13,IMPORTCN,41128.19064516129
2019-07-14,IMPORTCN,41119.109032258064
2019-07-15,IMPORTCN,41110.02741935484
2019-07-16,IMPORTCN,41100.945806451615
2019-07-17,IMPORTCN,41091.86419354838
2019-07-18,IMPORTCN,41082.78258064516
2019-07-19,IMPORTCN,41073.700967741934
2019-07-20,IMPORTCN,41064.61935483871
2019-07-21,IMPORTCN,41055.537741935485
2019-07-22,IMPORTCN,41046.45612903226
2019-07-23,IMPORTCN,41037.37451612903
2019-07-24,IMPORTCN,41028.2929032258
2019-07-25,IMPORTCN,41019.21129032258
2019-07-26,IMPORTCN,41010.129677419354
2019-07-27,IMPORTCN,41001.04806451613
2019-07-28,IMPORTCN,40991.966451612905
2019-07-29,IMPORTCN,40982.88483870967
2019-07-30,IMPORTCN,40973.80322580645
2019-07-31,IMPORTCN,40964.721612903224
2019-08-01,IMPORTCN,40955.64
2019-08-02,IMPORTCN,40920.51193548387
2019-08-03,IMPORTCN,40885.383870967744
2019-08-04,IMPORTCN,40850.25580645161
2019-08-05,IMPORTCN,40815.12774193548
2019-08-06,IMPORTCN,40779.99967741936
2019-08-07,IMPORTCN,40744.871612903225
2019-08-08,IMPORTCN,40709.743548387094
2019-08-09,IMPORTCN,40674.61548387097
2019-08-10,IMPORTCN,40639.48741935484
2019-08-11,IMPORTCN,40604.35935483871
2019-08-12,IMPORTCN,40569.23129032258
2019-08-13,IMPORTCN,40534.10322580645
2019-08-14,IMPORTCN,40498.97516129032
2019-08-15,IMPORTCN,40463.847096774196
2019-08-16,IMPORTCN,40428.719032258065
2019-08-17,IMPORTCN,40393.59096774193
2019-08-18,IMPORTCN,40358.4629032258
2019-08-19,IMPORTCN,40323.33483870968
2019-08-20,IMPORTCN,40288.206774193546
2019-08-21,IMPORTCN,40253.078709677415
2019-08-22,IMPORTCN,40217.95064516129
2019-08-23,IMPORTCN,40182.82258064516
2019-08-24,IMPORTCN,40147.69451612903
2019-08-25,IMPORTCN,40112.5664516129
2019-08-26,IMPORTCN,40077.43838709677
2019-08-27,IMPORTCN,40042.31032258064
2019-08-28,IMPORTCN,40007.18225806452
2019-08-29,IMPORTCN,39972.054193548385
2019-08-30,IMPORTCN,39936.926129032254
2019-08-31,IMPORTCN,39901.79806451613
2019-09-01,IMPORTCN,39866.67
2019-09-02,IMPORTCN,39864.27733333333
2019-09-03,IMPORTCN,39861.884666666665
2019-09-04,IMPORTCN,39859.492
2019-09-05,IMPORTCN,39857.09933333333
2019-09-06,IMPORTCN,39854.706666666665
2019-09-07,IMPORTCN,39852.314
2019-09-08,IMPORTCN,39849.92133333333
2019-09-09,IMPORTCN,39847.528666666665
2019-09-10,IMPORTCN,39845.136
2019-09-11,IMPORTCN,39842.74333333333
2019-09-12,IMPORTCN,39840.350666666665
2019-09-13,IMPORTCN,39837.958
2019-09-14,IMPORTCN,39835.56533333333
2019-09-15,IMPORTCN,39833.172666666665
2019-09-16,IMPORTCN,39830.78
2019-09-17,IMPORTCN,39828.38733333333
2019-09-18,IMPORTCN,39825.994666666666
2019-09-19,IMPORTCN,39823.602
2019-09-20,IMPORTCN,39821.20933333333
2019-09-21,IMPORTCN,39818.816666666666
2019-09-22,IMPORTCN,39816.424
2019-09-23,IMPORTCN,39814.03133333333
2019-09-24,IMPORTCN,39811.638666666666
2019-09-25,IMPORTCN,39809.246
2019-09-26,IMPORTCN,39806.85333333333
2019-09-27,IMPORTCN,39804.460666666666
2019-09-28,IMPORTCN,39802.068
2019-09-29,IMPORTCN,39799.67533333333
2019-09-30,IMPORTCN,39797.282666666666
2019-10-01,IMPORTCN,39794.89
2019-10-02,IMPORTCN,39678.05193548387
2019-10-03,IMPORTCN,39561.21387096774
2019-10-04,IMPORTCN,39444.375806451615
2019-10-05,IMPORTCN,39327.537741935485
2019-10-06,IMPORTCN,39210.699677419354
2019-10-07,IMPORTCN,39093.86161290322
2019-10-08,IMPORTCN,38977.0235483871
2019-10-09,IMPORTCN,38860.18548387097
2019-10-10,IMPORTCN,38743.34741935484
2019-10-11,IMPORTCN,38626.50935483871
2019-10-12,IMPORTCN,38509.67129032258
2019-10-13,IMPORTCN,38392.833225806455
2019-10-14,IMPORTCN,38275.995161290324
2019-10-15,IMPORTCN,38159.15709677419
2019-10-16,IMPORTCN,38042.31903225806
2019-10-17,IMPORTCN,37925.48096774194
2019-10-18,IMPORTCN,37808.64290322581
2019-10-19,IMPORTCN,37691.80483870968
2019-10-20,IMPORTCN,37574.96677419355
2019-10-21,IMPORTCN,37458.128709677425
2019-10-22,IMPORTCN,37341.290645161294
2019-10-23,IMPORTCN,37224.452580645164
2019-10-24,IMPORTCN,37107.61451612903
2019-10-25,IMPORTCN,36990.7764516129
2019-10-26,IMPORTCN,36873.93838709678
2019-10-27,IMPORTCN,36757.10032258065
2019-10-28,IMPORTCN,36640.26225806452
2019-10-29,IMPORTCN,36523.42419354839
2019-10-30,IMPORTCN,36406.586129032265
2019-10-31,IMPORTCN,36289.748064516134
2019-11-01,IMPORTCN,36172.91
2019-11-02,IMPORTCN,36081.08466666667
2019-11-03,IMPORTCN,35989.259333333335
2019-11-04,IMPORTCN,35897.434
2019-11-05,IMPORTCN,35805.60866666667
2019-11-06,IMPORTCN,35713.78333333333
2019-11-07,IMPORTCN,35621.958000000006
2019-11-08,IMPORTCN,35530.13266666667
2019-11-09,IMPORTCN,35438.30733333334
2019-11-10,IMPORTCN,35346.482
2019-11-11,IMPORTCN,35254.65666666667
2019-11-12,IMPORTCN,35162.831333333335
2019-11-13,IMPORTCN,35071.006
2019-11-14,IMPORTCN,34979.18066666667
2019-11-15,IMPORTCN,34887.35533333333
2019-11-16,IMPORTCN,34795.53
2019-11-17,IMPORTCN,34703.70466666667
2019-11-18,IMPORTCN,34611.87933333334
2019-11-19,IMPORTCN,34520.054000000004
2019-11-20,IMPORTCN,34428.22866666667
2019-11-21,IMPORTCN,34336.403333333335
2019-11-22,IMPORTCN,34244.578
2019-11-23,IMPORTCN,34152.75266666667
2019-11-24,IMPORTCN,34060.92733333333
2019-11-25,IMPORTCN,33969.102
2019-11-26,IMPORTCN,33877.276666666665
2019-11-27,IMPORTCN,33785.45133333334
2019-11-28,IMPORTCN,33693.626000000004
2019-11-29,IMPORTCN,33601.80066666667
2019-11-30,IMPORTCN,33509.975333333336
2019-12-01,IMPORTCN,33418.15
2019-12-02,IMPORTCN,33402.8764516129
2019-12-03,IMPORTCN,33387.60290322581
2019-12-04,IMPORTCN,33372.32935483871
2019-12-05,IMPORTCN,33357.055806451615
2019-12-06,IMPORTCN,33341.782258064515
2019-12-07,IMPORTCN,33326.50870967742
2019-12-08,IMPORTCN,33311.23516129032
2019-12-09,IMPORTCN,33295.96161290323
2019-12-10,IMPORTCN,33280.68806451613
2019-12-11,IMPORTCN,33265.414516129036
2019-12-12,IMPORTCN,33250.140967741936
2019-12-13,IMPORTCN,33234.867419354836
2019-12-14,IMPORTCN,33219.59387096774
2019-12-15,IMPORTCN,33204.32032258064
2019-12-16,IMPORTCN,33189.04677419355
2019-12-17,IMPORTCN,33173.77322580645
2019-12-18,IMPORTCN,33158.49967741936
2019-12-19,IMPORTCN,33143.22612903226
2019-12-20,IMPORTCN,33127.952580645164
2019-12-21,IMPORTCN,33112.679032258064
2019-12-22,IMPORTCN,33097.40548387096
2019-12-23,IMPORTCN,33082.13193548387
2019-12-24,IMPORTCN,33066.85838709677
2019-12-25,IMPORTCN,33051.58483870968
2019-12-26,IMPORTCN,33036.31129032258
2019-12-27,IMPORTCN,33021.037741935485
2019-12-28,IMPORTCN,33005.764193548384
2019-12-29,IMPORTCN,32990.49064516129
2019-12-30,IMPORTCN,32975.21709677419
2019-12-31,IMPORTCN,32959.9435483871
2020-01-01,IMPORTCN,32944.67
2020-01-02,IMPORTCN,32610.2164516129
2020-01-03,IMPORTCN,32275.762903225805
2020-01-04,IMPORTCN,31941.309354838708
2020-01-05,IMPORTCN,31606.85580645161
2020-01-06,IMPORTCN,31272.402258064514
2020-01-07,IMPORTCN,30937.948709677417
2020-01-08,IMPORTCN,30603.49516129032
2020-01-09,IMPORTCN,30269.041612903224
2020-01-10,IMPORTCN,29934.588064516127
2020-01-11,IMPORTCN,29600.13451612903
2020-01-12,IMPORTCN,29265.680967741933
2020-01-13,IMPORTCN,28931.227419354836
2020-01-14,IMPORTCN,28596.77387096774
2020-01-15,IMPORTCN,28262.320322580643
2020-01-16,IMPORTCN,27927.866774193546
2020-01-17,IMPORTCN,27593.41322580645
2020-01-18,IMPORTCN,27258.959677419356
2020-01-19,IMPORTCN,26924.50612903226
2020-01-20,IMPORTCN,26590.052580645162
2020-01-21,IMPORTCN,26255.599032258066
2020-01-22,IMPORTCN,25921.14548387097
2020-01-23,IMPORTCN,25586.691935483872
2020-01-24,IMPORTCN,25252.238387096775
2020-01-25,IMPORTCN,24917.78483870968
2020-01-26,IMPORTCN,24583.33129032258
2020-01-27,IMPORTCN,24248.877741935485
2020-01-28,IMPORTCN,23914.424193548388
2020-01-29,IMPORTCN,23579.97064516129
2020-01-30,IMPORTCN,23245.517096774194
2020-01-31,IMPORTCN,22911.063548387097
2020-02-01,IMPORTCN,22576.61
2020-02-02,IMPORTCN,22475.28275862069
2020-02-03,IMPORTCN,22373.95551724138
2020-02-04,IMPORTCN,22272.62827586207
2020-02-05,IMPORTCN,22171.30103448276
2020-02-06,IMPORTCN,22069.973793103447
2020-02-07,IMPORTCN,21968.646551724138
2020-02-08,IMPORTCN,21867.31931034483
2020-02-09,IMPORTCN,21765.99206896552
2020-02-10,IMPORTCN,21664.664827586206
2020-02-11,IMPORTCN,21563.337586206897
2020-02-12,IMPORTCN,21462.010344827588
2020-02-13,IMPORTCN,21360.683103448275
2020-02-14,IMPORTCN,21259.355862068966
2020-02-15,IMPORTCN,21158.028620689656
2020-02-16,IMPORTCN,21056.701379310343
2020-02-17,IMPORTCN,20955.374137931034
2020-02-18,IMPORTCN,20854.046896551725
2020-02-19,IMPORTCN,20752.719655172412
2020-02-20,IMPORTCN,20651.392413793103
2020-02-21,IMPORTCN,20550.065172413793
2020-02-22,IMPORTCN,20448.737931034484
2020-02-23,IMPORTCN,20347.41068965517
2020-02-24,IMPORTCN,20246.083448275862
2020-02-25,IMPORTCN,20144.756206896553
2020-02-26,IMPORTCN,20043.42896551724
2020-02-27,IMPORTCN,19942.10172413793
2020-02-28,IMPORTCN,19840.77448275862
2020-02-29,IMPORTCN,19739.44724137931
2020-03-01,IMPORTCN,19638.12
2020-03-02,IMPORTCN,19995.927419354837
2020-03-03,IMPORTCN,20353.734838709675
2020-03-04,IMPORTCN,20711.542258064514
2020-03-05,IMPORTCN,21069.349677419355
2020-03-06,IMPORTCN,21427.157096774194
2020-03-07,IMPORTCN,21784.964516129032
2020-03-08,IMPORTCN,22142.77193548387
2020-03-09,IMPORTCN,22500.57935483871
2020-03-10,IMPORTCN,22858.386774193546
2020-03-11,IMPORTCN,23216.19419354839
2020-03-12,IMPORTCN,23574.001612903226
2020-03-13,IMPORTCN,23931.809032258065
2020-03-14,IMPORTCN,24289.616451612903
2020-03-15,IMPORTCN,24647.42387096774
2020-03-16,IMPORTCN,25005.23129032258
2020-03-17,IMPORTCN,25363.03870967742
2020-03-18,IMPORTCN,25720.84612903226
2020-03-19,IMPORTCN,26078.653548387098
2020-03-20,IMPORTCN,26436.460967741936
2020-03-21,IMPORTCN,26794.268387096774
2020-03-22,IMPORTCN,27152.075806451612
2020-03-23,IMPORTCN,27509.88322580645
2020-03-24,IMPORTCN,27867.690645161292
2020-03-25,IMPORTCN,28225.49806451613
2020-03-26,IMPORTCN,28583.30548387097
2020-03-27,IMPORTCN,28941.112903225807
2020-03-28,IMPORTCN,29298.920322580645
2020-03-29,IMPORTCN,29656.727741935483
2020-03-30,IMPORTCN,30014.535161290325
2020-03-31,IMPORTCN,30372.342580645163
2020-04-01,IMPORTCN,30730.15
2020-04-02,IMPORTCN,30916.436333333335
2020-04-03,IMPORTCN,31102.72266666667
2020-04-04,IMPORTCN,31289.009000000002
2020-04-05,IMPORTCN,31475.295333333335
2020-04-06,IMPORTCN,31661.58166666667
2020-04-07,IMPORTCN,31847.868000000002
2020-04-08,IMPORTCN,32034.154333333336
2020-04-09,IMPORTCN,32220.440666666665
2020-04-10,IMPORTCN,32406.727
2020-04-11,IMPORTCN,32593.013333333332
2020-04-12,IMPORTCN,32779.299666666666
2020-04-13,IMPORTCN,32965.586
2020-04-14,IMPORTCN,33151.87233333333
2020-04-15,IMPORTCN,33338.15866666667
2020-04-16,IMPORTCN,33524.445
2020-04-17,IMPORTCN,33710.73133333333
2020-04-18,IMPORTCN,33897.01766666667
2020-04-19,IMPORTCN,34083.304
2020-04-20,IMPORTCN,34269.59033333333
2020-04-21,IMPORTCN,34455.87666666666
2020-04-22,IMPORTCN,34642.163
2020-04-23,IMPORTCN,34828.44933333333
2020-04-24,IMPORTCN,35014.73566666667
2020-04-25,IMPORTCN,35201.022
2020-04-26,IMPORTCN,35387.308333333334
2020-04-27,IMPORTCN,35573.594666666664
2020-04-28,IMPORTCN,35759.881
2020-04-29,IMPORTCN,35946.16733333333
2020-04-30,IMPORTCN,36132.45366666666
2020-05-01,IMPORTCN,36318.74
2020-05-02,IMPORTCN,36349.97064516129
2020-05-03,IMPORTCN,36381.20129032258
2020-05-04,IMPORTCN,36412.431935483866
2020-05-05,IMPORTCN,36443.66258064516
2020-05-06,IMPORTCN,36474.89322580645
2020-05-07,IMPORTCN,36506.12387096774
2020-05-08,IMPORTCN,36537.35451612903
2020-05-09,IMPORTCN,36568.58516129032
2020-05-10,IMPORTCN,36599.81580645161
2020-05-11,IMPORTCN,36631.0464516129
2020-05-12,IMPORTCN,36662.27709677419
2020-05-13,IMPORTCN,36693.507741935486
2020-05-14,IMPORTCN,36724.738387096775
2020-05-15,IMPORTCN,36755.969032258065
2020-05-16,IMPORTCN,36787.199677419354
2020-05-17,IMPORTCN,36818.43032258064
2020-05-18,IMPORTCN,36849.66096774193
2020-05-19,IMPORTCN,36880.89161290322
2020-05-20,IMPORTCN,36912.12225806451
2020-05-21,IMPORTCN,36943.35290322581
2020-05-22,IMPORTCN,36974.5835483871
2020-05-23,IMPORTCN,37005.81419354839
2020-05-24,IMPORTCN,37037.04483870968
2020-05-25,IMPORTCN,37068.275483870966
2020-05-26,IMPORTCN,37099.506129032256
2020-05-27,IMPORTCN,37130.736774193545
2020-05-28,IMPORTCN,37161.967419354834
2020-05-29,IMPORTCN,37193.19806451613
2020-05-30,IMPORTCN,37224.42870967742
2020-05-31,IMPORTCN,37255.65935483871
2020-06-01,IMPORTCN,37286.89
2020-06-02,IMPORTCN,37392.98733333333
2020-06-03,IMPORTCN,37499.08466666667
2020-06-04,IMPORTCN,37605.182
2020-06-05,IMPORTCN,37711.27933333333
2020-06-06,IMPORTCN,37817.37666666666
2020-06-07,IMPORTCN,37923.474
2020-06-08,IMPORTCN,38029.57133333333
2020-06-09,IMPORTCN,38135.668666666665
2020-06-10,IMPORTCN,38241.765999999996
2020-06-11,IMPORTCN,38347.863333333335
2020-06-12,IMPORTCN,38453.960666666666
2020-06-13,IMPORTCN,38560.058
2020-06-14,IMPORTCN,38666.15533333333
2020-06-15,IMPORTCN,38772.25266666667
2020-06-16,IMPORTCN,38878.35
2020-06-17,IMPORTCN,38984.44733333333
2020-06-18,IMPORTCN,39090.54466666667
2020-06-19,IMPORTCN,39196.642
2020-06-20,IMPORTCN,39302.73933333333
2020-06-21,IMPORTCN,39408.83666666666
2020-06-22,IMPORTCN,39514.934
2020-06-23,IMPORTCN,39621.03133333333
2020-06-24,IMPORTCN,39727.128666666664
2020-06-25,IMPORTCN,39833.225999999995
2020-06-26,IMPORTCN,39939.323333333334
2020-06-27,IMPORTCN,40045.420666666665
2020-06-28,IMPORTCN,40151.518
2020-06-29,IMPORTCN,40257.61533333333
2020-06-30,IMPORTCN,40363.712666666666
2020-07-01,IMPORTCN,40469.81
2020-07-02,IMPORTCN,40473.97548387096
2020-07-03,IMPORTCN,40478.140967741936
2020-07-04,IMPORTCN,40482.3064516129
2020-07-05,IMPORTCN,40486.47193548387
2020-07-06,IMPORTCN,40490.63741935484
2020-07-07,IMPORTCN,40494.802903225805
2020-07-08,IMPORTCN,40498.96838709677
2020-07-09,IMPORTCN,40503.133870967744
2020-07-10,IMPORTCN,40507.29935483871
2020-07-11,IMPORTCN,40511.464838709675
2020-07-12,IMPORTCN,40515.63032258065
2020-07-13,IMPORTCN,40519.79580645161
2020-07-14,IMPORTCN,40523.96129032258
2020-07-15,IMPORTCN,40528.12677419355
2020-07-16,IMPORTCN,40532.29225806452
2020-07-17,IMPORTCN,40536.45774193548
2020-07-18,IMPORTCN,40540.62322580645
2020-07-19,IMPORTCN,40544.78870967742
2020-07-20,IMPORTCN,40548.95419354839
2020-07-21,IMPORTCN,40553.11967741935
2020-07-22,IMPORTCN,40557.285161290325
2020-07-23,IMPORTCN,40561.45064516129
2020-07-24,IMPORTCN,40565.616129032256
2020-07-25,IMPORTCN,40569.78161290323
2020-07-26,IMPORTCN,40573.947096774195
2020-07-27,IMPORTCN,40578.11258064516
2020-07-28,IMPORTCN,40582.27806451613
2020-07-29,IMPORTCN,40586.4435483871
2020-07-30,IMPORTCN,40590.609032258064
2020-07-31,IMPORTCN,40594.77451612904
2020-08-01,IMPORTCN,40598.94
2020-08-02,IMPORTCN,40611.98129032258
2020-08-03,IMPORTCN,40625.02258064516
2020-08-04,IMPORTCN,40638.063870967744
2020-08-05,IMPORTCN,40651.105161290325
2020-08-06,IMPORTCN,40664.146451612905
2020-08-07,IMPORTCN,40677.187741935486
2020-08-08,IMPORTCN,40690.22903225807
2020-08-09,IMPORTCN,40703.27032258065
2020-08-10,IMPORTCN,40716.31161290323
2020-08-11,IMPORTCN,40729.35290322581
2020-08-12,IMPORTCN,40742.39419354839
2020-08-13,IMPORTCN,40755.43548387097
2020-08-14,IMPORTCN,40768.47677419355
2020-08-15,IMPORTCN,40781.51806451613
2020-08-16,IMPORTCN,40794.55935483871
2020-08-17,IMPORTCN,40807.60064516129
2020-08-18,IMPORTCN,40820.64193548387
2020-08-19,IMPORTCN,40833.68322580645
2020-08-20,IMPORTCN,40846.724516129034
2020-08-21,IMPORTCN,40859.765806451614
2020-08-22,IMPORTCN,40872.807096774195
2020-08-23,IMPORTCN,40885.848387096776
2020-08-24,IMPORTCN,40898.889677419356
2020-08-25,IMPORTCN,40911.93096774194
2020-08-26,IMPORTCN,40924.97225806452
2020-08-27,IMPORTCN,40938.0135483871
2020-08-28,IMPORTCN,40951.05483870968
2020-08-29,IMPORTCN,40964.09612903226
2020-08-30,IMPORTCN,40977.13741935484
2020-08-31,IMPORTCN,40990.17870967742
2020-09-01,IMPORTCN,41003.22
2020-09-02,IMPORTCN,41124.92166666667
2020-09-03,IMPORTCN,41246.62333333334
2020-09-04,IMPORTCN,41368.325000000004
2020-09-05,IMPORTCN,41490.026666666665
2020-09-06,IMPORTCN,41611.72833333333
2020-09-07,IMPORTCN,41733.43
2020-09-08,IMPORTCN,41855.13166666667
2020-09-09,IMPORTCN,41976.833333333336
2020-09-10,IMPORTCN,42098.535
2020-09-11,IMPORTCN,42220.236666666664
2020-09-12,IMPORTCN,42341.93833333333
2020-09-13,IMPORTCN,42463.64
2020-09-14,IMPORTCN,42585.34166666667
2020-09-15,IMPORTCN,42707.043333333335
2020-09-16,IMPORTCN,42828.745
2020-09-17,IMPORTCN,42950.44666666666
2020-09-18,IMPORTCN,43072.14833333333
2020-09-19,IMPORTCN,43193.85
2020-09-20,IMPORTCN,43315.551666666666
2020-09-21,IMPORTCN,43437.253333333334
2020-09-22,IMPORTCN,43558.955
2020-09-23,IMPORTCN,43680.65666666666
2020-09-24,IMPORTCN,43802.35833333333
2020-09-25,IMPORTCN,43924.06
2020-09-26,IMPORTCN,44045.761666666665
2020-09-27,IMPORTCN,44167.46333333333
2020-09-28,IMPORTCN,44289.165
2020-09-29,IMPORTCN,44410.86666666666
2020-09-30,IMPORTCN,44532.56833333333
2020-10-01,IMPORTCN,44654.27
2020-10-02,IMPORTCN,44655.75838709677
2020-10-03,IMPORTCN,44657.24677419355
2020-10-04,IMPORTCN,44658.73516129032
2020-10-05,IMPORTCN,44660.2235483871
2020-10-06,IMPORTCN,44661.71193548387
2020-10-07,IMPORTCN,44663.20032258064
2020-10-08,IMPORTCN,44664.688709677415
2020-10-09,IMPORTCN,44666.17709677419
2020-10-10,IMPORTCN,44667.665483870966
2020-10-11,IMPORTCN,44669.15387096774
2020-10-12,IMPORTCN,44670.642258064516
2020-10-13,IMPORTCN,44672.13064516129
2020-10-14,IMPORTCN,44673.619032258066
2020-10-15,IMPORTCN,44675.10741935484
2020-10-16,IMPORTCN,44676.595806451616
2020-10-17,IMPORTCN,44678.084193548384
2020-10-18,IMPORTCN,44679.57258064516
2020-10-19,IMPORTCN,44681.060967741934
2020-10-20,IMPORTCN,44682.54935483871
2020-10-21,IMPORTCN,44684.037741935485
2020-10-22,IMPORTCN,44685.52612903226
2020-10-23,IMPORTCN,44687.014516129035
2020-10-24,IMPORTCN,44688.50290322581
2020-10-25,IMPORTCN,44689.991290322585
2020-10-26,IMPORTCN,44691.47967741936
2020-10-27,IMPORTCN,44692.96806451613
2020-10-28,IMPORTCN,44694.4564516129
2020-10-29,IMPORTCN,44695.94483870968
2020-10-30,IMPORTCN,44697.43322580645
2020-10-31,IMPORTCN,44698.92161290323
2020-11-01,IMPORTCN,44700.41
2020-11-02,IMPORTCN,44597.936
2020-11-03,IMPORTCN,44495.46200000001
2020-11-04,IMPORTCN,44392.988000000005
2020-11-05,IMPORTCN,44290.514
2020-11-06,IMPORTCN,44188.04
2020-11-07,IMPORTCN,44085.566000000006
2020-11-08,IMPORTCN,43983.092000000004
2020-11-09,IMPORTCN,43880.618
2020-11-10,IMPORTCN,43778.144
2020-11-11,IMPORTCN,43675.670000000006
2020-11-12,IMPORTCN,43573.196
2020-11-13,IMPORTCN,43470.722
2020-11-14,IMPORTCN,43368.248
2020-11-15,IMPORTCN,43265.774000000005
2020-11-16,IMPORTCN,43163.3
2020-11-17,IMPORTCN,43060.826
2020-11-18,IMPORTCN,42958.352000000006
2020-11-19,IMPORTCN,42855.878000000004
2020-11-20,IMPORTCN,42753.404
2020-11-21,IMPORTCN,42650.93
2020-11-22,IMPORTCN,42548.456000000006
2020-11-23,IMPORTCN,42445.982
2020-11-24,IMPORTCN,42343.508
2020-11-25,IMPORTCN,42241.034
2020-11-26,IMPORTCN,42138.560000000005
2020-11-27,IMPORTCN,42036.086
2020-11-28,IMPORTCN,41933.612
2020-11-29,IMPORTCN,41831.138
2020-11-30,IMPORTCN,41728.664000000004
2020-12-01,IMPORTCN,41626.19
2020-12-02,IMPORTCN,41536.22967741936
2020-12-03,IMPORTCN,41446.26935483871
2020-12-04,IMPORTCN,41356.30903225807
2020-12-05,IMPORTCN,41266.34870967742
2020-12-06,IMPORTCN,41176.38838709678
2020-12-07,IMPORTCN,41086.42806451613
2020-12-08,IMPORTCN,40996.467741935485
2020-12-09,IMPORTCN,40906.50741935484
2020-12-10,IMPORTCN,40816.54709677419
2020-12-11,IMPORTCN,40726.58677419355
2020-12-12,IMPORTCN,40636.6264516129
2020-12-13,IMPORTCN,40546.66612903226
2020-12-14,IMPORTCN,40456.70580645162
2020-12-15,IMPORTCN,40366.74548387097
2020-12-16,IMPORTCN,40276.785161290325
2020-12-17,IMPORTCN,40186.824838709676
2020-12-18,IMPORTCN,40096.86451612903
2020-12-19,IMPORTCN,40006.904193548384
2020-12-20,IMPORTCN,39916.94387096774
2020-12-21,IMPORTCN,39826.9835483871
2020-12-22,IMPORTCN,39737.02322580645
2020-12-23,IMPORTCN,39647.06290322581
2020-12-24,IMPORTCN,39557.10258064516
2020-12-25,IMPORTCN,39467.142258064516
2020-12-26,IMPORTCN,39377.18193548387
2020-12-27,IMPORTCN,39287.221612903224
2020-12-28,IMPORTCN,39197.26129032258
2020-12-29,IMPORTCN,39107.30096774193
2020-12-30,IMPORTCN,39017.34064516129
2020-12-31,IMPORTCN,38927.38032258064
2021-01-01,IMPORTCN,38837.42
2021-01-02,IMPORTCN,38675.714838709675
2021-01-03,IMPORTCN,38514.00967741935
2021-01-04,IMPORTCN,38352.30451612903
2021-01-05,IMPORTCN,38190.599354838705
2021-01-06,IMPORTCN,38028.89419354838
2021-01-07,IMPORTCN,37867.189032258066
2021-01-08,IMPORTCN,37705.48387096774
2021-01-09,IMPORTCN,37543.77870967742
2021-01-10,IMPORTCN,37382.073548387096
2021-01-11,IMPORTCN,37220.36838709677
2021-01-12,IMPORTCN,37058.66322580645
2021-01-13,IMPORTCN,36896.958064516126
2021-01-14,IMPORTCN,36735.2529032258
2021-01-15,IMPORTCN,36573.54774193548
2021-01-16,IMPORTCN,36411.842580645156
2021-01-17,IMPORTCN,36250.13741935484
2021-01-18,IMPORTCN,36088.43225806452
2021-01-19,IMPORTCN,35926.72709677419
2021-01-20,IMPORTCN,35765.02193548387
2021-01-21,IMPORTCN,35603.31677419355
2021-01-22,IMPORTCN,35441.61161290322
2021-01-23,IMPORTCN,35279.9064516129
2021-01-24,IMPORTCN,35118.20129032258
2021-01-25,IMPORTCN,34956.49612903225
2021-01-26,IMPORTCN,34794.79096774193
2021-01-27,IMPORTCN,34633.085806451614
2021-01-28,IMPORTCN,34471.38064516129
2021-01-29,IMPORTCN,34309.67548387097
2021-01-30,IMPORTCN,34147.970322580644
2021-01-31,IMPORTCN,33986.26516129032
2021-02-01,IMPORTCN,33824.56
2021-02-02,IMPORTCN,34043.09107142857
2021-02-03,IMPORTCN,34261.622142857144
2021-02-04,IMPORTCN,34480.15321428571
2021-02-05,IMPORTCN,34698.684285714284
2021-02-06,IMPORTCN,34917.21535714286
2021-02-07,IMPORTCN,35135.74642857142
2021-02-08,IMPORTCN,35354.2775
2021-02-09,IMPORTCN,35572.80857142857
2021-02-10,IMPORTCN,35791.33964285714
2021-02-11,IMPORTCN,36009.87071428572
2021-02-12,IMPORTCN,36228.40178571428
2021-02-13,IMPORTCN,36446.932857142856
2021-02-14,IMPORTCN,36665.46392857143
2021-02-15,IMPORTCN,36883.994999999995
2021-02-16,IMPORTCN,37102.52607142857
2021-02-17,IMPORTCN,37321.05714285714
2021-02-18,IMPORTCN,37539.588214285715
2021-02-19,IMPORTCN,37758.11928571429
2021-02-20,IMPORTCN,37976.650357142855
2021-02-21,IMPORTCN,38195.18142857143
2021-02-22,IMPORTCN,38413.7125
2021-02-23,IMPORTCN,38632.24357142857
2021-02-24,IMPORTCN,38850.77464285714
2021-02-25,IMPORTCN,39069.305714285714
2021-02-26,IMPORTCN,39287.83678571429
2021-02-27,IMPORTCN,39506.36785714286
2021-02-28,IMPORTCN,39724.89892857143
2021-03-01,IMPORTCN,39943.43
2021-03-02,IMPORTCN,39860.555806451615
2021-03-03,IMPORTCN,39777.68161290322
2021-03-04,IMPORTCN,39694.80741935484
2021-03-05,IMPORTCN,39611.93322580645
2021-03-06,IMPORTCN,39529.05903225807
2021-03-07,IMPORTCN,39446.184838709676
2021-03-08,IMPORTCN,39363.31064516129
2021-03-09,IMPORTCN,39280.436451612906
2021-03-10,IMPORTCN,39197.562258064514
2021-03-11,IMPORTCN,39114.68806451613
2021-03-12,IMPORTCN,39031.813870967744
2021-03-13,IMPORTCN,38948.93967741936
2021-03-14,IMPORTCN,38866.06548387097
2021-03-15,IMPORTCN,38783.19129032258
2021-03-16,IMPORTCN,38700.3170967742
2021-03-17,IMPORTCN,38617.442903225805
2021-03-18,IMPORTCN,38534.56870967742
2021-03-19,IMPORTCN,38451.694516129035
2021-03-20,IMPORTCN,38368.82032258064
2021-03-21,IMPORTCN,38285.94612903226
2021-03-22,IMPORTCN,38203.07193548387
2021-03-23,IMPORTCN,38120.19774193549
2021-03-24,IMPORTCN,38037.323548387096
2021-03-25,IMPORTCN,37954.44935483871
2021-03-26,IMPORTCN,37871.575161290326
2021-03-27,IMPORTCN,37788.700967741934
2021-03-28,IMPORTCN,37705.82677419355
2021-03-29,IMPORTCN,37622.952580645164
2021-03-30,IMPORTCN,37540.07838709678
2021-03-31,IMPORTCN,37457.20419354839
2021-04-01,IMPORTCN,37374.33
2021-04-02,IMPORTCN,37411.68666666667
2021-04-03,IMPORTCN,37449.043333333335
2021-04-04,IMPORTCN,37486.4
2021-04-05,IMPORTCN,37523.75666666667
2021-04-06,IMPORTCN,37561.113333333335
2021-04-07,IMPORTCN,37598.47
2021-04-08,IMPORTCN,37635.82666666667
2021-04-09,IMPORTCN,37673.183333333334
2021-04-10,IMPORTCN,37710.54
2021-04-11,IMPORTCN,37747.89666666667
2021-04-12,IMPORTCN,37785.253333333334
2021-04-13,IMPORTCN,37822.61
2021-04-14,IMPORTCN,37859.96666666667
2021-04-15,IMPORTCN,37897.323333333334
2021-04-16,IMPORTCN,37934.68
2021-04-17,IMPORTCN,37972.03666666667
2021-04-18,IMPORTCN,38009.39333333333
2021-04-19,IMPORTCN,38046.75
2021-04-20,IMPORTCN,38084.10666666667
2021-04-21,IMPORTCN,38121.46333333333
2021-04-22,IMPORTCN,38158.82
2021-04-23,IMPORTCN,38196.176666666666
2021-04-24,IMPORTCN,38233.53333333333
2021-04-25,IMPORTCN,38270.89
2021-04-26,IMPORTCN,38308.246666666666
2021-04-27,IMPORTCN,38345.60333333333
2021-04-28,IMPORTCN,38382.96
2021-04-29,IMPORTCN,38420.316666666666
2021-04-30,IMPORTCN,38457.67333333333
2021-05-01,IMPORTCN,38495.03
2021-05-02,IMPORTCN,38536.668387096775
2021-05-03,IMPORTCN,38578.306774193545
2021-05-04,IMPORTCN,38619.94516129032
2021-05-05,IMPORTCN,38661.5835483871
2021-05-06,IMPORTCN,38703.22193548387
2021-05-07,IMPORTCN,38744.860322580644
2021-05-08,IMPORTCN,38786.49870967742
2021-05-09,IMPORTCN,38828.13709677419
2021-05-10,IMPORTCN,38869.775483870966
2021-05-11,IMPORTCN,38911.41387096774
2021-05-12,IMPORTCN,38953.05225806451
2021-05-13,IMPORTCN,38994.69064516129
2021-05-14,IMPORTCN,39036.329032258065
2021-05-15,IMPORTCN,39077.967419354834
2021-05-16,IMPORTCN,39119.60580645161
2021-05-17,IMPORTCN,39161.24419354839
2021-05-18,IMPORTCN,39202.882580645164
2021-05-19,IMPORTCN,39244.52096774193
2021-05-20,IMPORTCN,39286.15935483871
2021-05-21,IMPORTCN,39327.79774193549
2021-05-22,IMPORTCN,39369.436129032256
2021-05-23,IMPORTCN,39411.07451612903
2021-05-24,IMPORTCN,39452.71290322581
2021-05-25,IMPORTCN,39494.35129032258
2021-05-26,IMPORTCN,39535.989677419355
2021-05-27,IMPORTCN,39577.62806451613
2021-05-28,IMPORTCN,39619.2664516129
2021-05-29,IMPORTCN,39660.90483870968
2021-05-30,IMPORTCN,39702.543225806454
2021-05-31,IMPORTCN,39744.18161290322
2021-06-01,IMPORTCN,39785.82
2021-06-02,IMPORTCN,39802.52766666667
2021-06-03,IMPORTCN,39819.23533333333
2021-06-04,IMPORTCN,39835.943
2021-06-05,IMPORTCN,39852.65066666667
2021-06-06,IMPORTCN,39869.35833333334
2021-06-07,IMPORTCN,39886.066
2021-06-08,IMPORTCN,39902.77366666667
2021-06-09,IMPORTCN,39919.48133333334
2021-06-10,IMPORTCN,39936.189
2021-06-11,IMPORTCN,39952.89666666667
2021-06-12,IMPORTCN,39969.60433333334
2021-06-13,IMPORTCN,39986.312
2021-06-14,IMPORTCN,40003.01966666667
2021-06-15,IMPORTCN,40019.727333333336
2021-06-16,IMPORTCN,40036.435000000005
2021-06-17,IMPORTCN,40053.14266666667
2021-06-18,IMPORTCN,40069.850333333336
2021-06-19,IMPORTCN,40086.558000000005
2021-06-20,IMPORTCN,40103.265666666666
2021-06-21,IMPORTCN,40119.973333333335
2021-06-22,IMPORTCN,40136.681000000004
2021-06-23,IMPORTCN,40153.388666666666
2021-06-24,IMPORTCN,40170.096333333335
2021-06-25,IMPORTCN,40186.804000000004
2021-06-26,IMPORTCN,40203.51166666667
2021-06-27,IMPORTCN,40220.219333333334
2021-06-28,IMPORTCN,40236.927
2021-06-29,IMPORTCN,40253.63466666667
2021-06-30,IMPORTCN,40270.342333333334
2021-07-01,IMPORTCN,40287.05
2021-07-02,IMPORTCN,40370.30612903226
2021-07-03,IMPORTCN,40453.56225806452
2021-07-04,IMPORTCN,40536.81838709678
2021-07-05,IMPORTCN,40620.07451612903
2021-07-06,IMPORTCN,40703.330645161295
2021-07-07,IMPORTCN,40786.58677419355
2021-07-08,IMPORTCN,40869.84290322581
2021-07-09,IMPORTCN,40953.09903225807
2021-07-10,IMPORTCN,41036.355161290325
2021-07-11,IMPORTCN,41119.61129032258
2021-07-12,IMPORTCN,41202.86741935484
2021-07-13,IMPORTCN,41286.1235483871
2021-07-14,IMPORTCN,41369.379677419354
2021-07-15,IMPORTCN,41452.63580645162
2021-07-16,IMPORTCN,41535.89193548387
2021-07-17,IMPORTCN,41619.14806451613
2021-07-18,IMPORTCN,41702.404193548384
2021-07-19,IMPORTCN,41785.66032258065
2021-07-20,IMPORTCN,41868.9164516129
2021-07-21,IMPORTCN,41952.17258064516
2021-07-22,IMPORTCN,42035.42870967742
2021-07-23,IMPORTCN,42118.684838709676
2021-07-24,IMPORTCN,42201.94096774193
2021-07-25,IMPORTCN,42285.197096774195
2021-07-26,IMPORTCN,42368.45322580645
2021-07-27,IMPORTCN,42451.709354838706
2021-07-28,IMPORTCN,42534.96548387097
2021-07-29,IMPORTCN,42618.221612903224
2021-07-30,IMPORTCN,42701.47774193548
2021-07-31,IMPORTCN,42784.73387096774
2021-08-01,IMPORTCN,42867.99
2021-08-02,IMPORTCN,43012.06580645161
2021-08-03,IMPORTCN,43156.14161290322
2021-08-04,IMPORTCN,43300.217419354834
2021-08-05,IMPORTCN,43444.29322580645
2021-08-06,IMPORTCN,43588.36903225806
2021-08-07,IMPORTCN,43732.44483870968
2021-08-08,IMPORTCN,43876.52064516129
2021-08-09,IMPORTCN,44020.5964516129
2021-08-10,IMPORTCN,44164.672258064515
2021-08-11,IMPORTCN,44308.74806451613
2021-08-12,IMPORTCN,44452.82387096774
2021-08-13,IMPORTCN,44596.89967741935
2021-08-14,IMPORTCN,44740.97548387096
2021-08-15,IMPORTCN,44885.051290322575
2021-08-16,IMPORTCN,45029.12709677419
2021-08-17,IMPORTCN,45173.20290322581
2021-08-18,IMPORTCN,45317.27870967742
2021-08-19,IMPORTCN,45461.35451612903
2021-08-20,IMPORTCN,45605.43032258064
2021-08-21,IMPORTCN,45749.506129032256
2021-08-22,IMPORTCN,45893.58193548387
2021-08-23,IMPORTCN,46037.65774193548
2021-08-24,IMPORTCN,46181.73354838709
2021-08-25,IMPORTCN,46325.809354838704
2021-08-26,IMPORTCN,46469.885161290316
2021-08-27,IMPORTCN,46613.960967741936
2021-08-28,IMPORTCN,46758.03677419355
2021-08-29,IMPORTCN,46902.11258064516
2021-08-30,IMPORTCN,47046.18838709677
2021-08-31,IMPORTCN,47190.264193548384
2021-09-01,IMPORTCN,47334.34
2021-09-02,IMPORTCN,47353.513666666666
2021-09-03,IMPORTCN,47372.68733333333
2021-09-04,IMPORTCN,47391.861
2021-09-05,IMPORTCN,47411.03466666667
2021-09-06,IMPORTCN,47430.20833333333
2021-09-07,IMPORTCN,47449.382
2021-09-08,IMPORTCN,47468.55566666667
2021-09-09,IMPORTCN,47487.72933333333
2021-09-10,IMPORTCN,47506.903
2021-09-11,IMPORTCN,47526.07666666667
2021-09-12,IMPORTCN,47545.25033333333
2021-09-13,IMPORTCN,47564.424
2021-09-14,IMPORTCN,47583.59766666667
2021-09-15,IMPORTCN,47602.77133333333
2021-09-16,IMPORTCN,47621.945
2021-09-17,IMPORTCN,47641.11866666667
2021-09-18,IMPORTCN,47660.29233333333
2021-09-19,IMPORTCN,47679.466
2021-09-20,IMPORTCN,47698.63966666667
2021-09-21,IMPORTCN,47717.81333333333
2021-09-22,IMPORTCN,47736.987
2021-09-23,IMPORTCN,47756.16066666667
2021-09-24,IMPORTCN,47775.33433333333
2021-09-25,IMPORTCN,47794.508
2021-09-26,IMPORTCN,47813.68166666667
2021-09-27,IMPORTCN,47832.85533333333
2021-09-28,IMPORTCN,47852.029
2021-09-29,IMPORTCN,47871.20266666667
2021-09-30,IMPORTCN,47890.37633333333
2021-10-01,IMPORTCN,47909.55
2021-10-02,IMPORTCN,47919.63580645162
2021-10-03,IMPORTCN,47929.72161290323
2021-10-04,IMPORTCN,47939.80741935484
2021-10-05,IMPORTCN,47949.89322580645
2021-10-06,IMPORTCN,47959.97903225807
2021-10-07,IMPORTCN,47970.06483870968
2021-10-08,IMPORTCN,47980.150645161295
2021-10-09,IMPORTCN,47990.2364516129
2021-10-10,IMPORTCN,48000.322258064516
2021-10-11,IMPORTCN,48010.40806451613
2021-10-12,IMPORTCN,48020.493870967744
2021-10-13,IMPORTCN,48030.57967741936
2021-10-14,IMPORTCN,48040.665483870966
2021-10-15,IMPORTCN,48050.75129032258
2021-10-16,IMPORTCN,48060.837096774194
2021-10-17,IMPORTCN,48070.92290322581
2021-10-18,IMPORTCN,48081.00870967742
2021-10-19,IMPORTCN,48091.09451612904
2021-10-20,IMPORTCN,48101.18032258064
2021-10-21,IMPORTCN,48111.26612903226
2021-10-22,IMPORTCN,48121.35193548387
2021-10-23,IMPORTCN,48131.437741935486
2021-10-24,IMPORTCN,48141.5235483871
2021-10-25,IMPORTCN,48151.60935483871
2021-10-26,IMPORTCN,48161.69516129032
2021-10-27,IMPORTCN,48171.780967741935
2021-10-28,IMPORTCN,48181.86677419355
2021-10-29,IMPORTCN,48191.952580645164
2021-10-30,IMPORTCN,48202.03838709677
2021-10-31,IMPORTCN,48212.124193548385
2021-11-01,IMPORTCN,48222.21
2021-11-02,IMPORTCN,48261.61866666667
2021-11-03,IMPORTCN,48301.02733333333
2021-11-04,IMPORTCN,48340.436
2021-11-05,IMPORTCN,48379.844666666664
2021-11-06,IMPORTCN,48419.253333333334
2021-11-07,IMPORTCN,48458.662
2021-11-08,IMPORTCN,48498.07066666667
2021-11-09,IMPORTCN,48537.47933333334
2021-11-10,IMPORTCN,48576.888
2021-11-11,IMPORTCN,48616.29666666667
2021-11-12,IMPORTCN,48655.70533333333
2021-11-13,IMPORTCN,48695.114
2021-11-14,IMPORTCN,48734.522666666664
2021-11-15,IMPORTCN,48773.931333333334
2021-11-16,IMPORTCN,48813.34
2021-11-17,IMPORTCN,48852.74866666667
2021-11-18,IMPORTCN,48892.157333333336
2021-11-19,IMPORTCN,48931.566
2021-11-20,IMPORTCN,48970.97466666667
2021-11-21,IMPORTCN,49010.38333333333
2021-11-22,IMPORTCN,49049.792
2021-11-23,IMPORTCN,49089.200666666664
2021-11-24,IMPORTCN,49128.609333333334
2021-11-25,IMPORTCN,49168.018000000004
2021-11-26,IMPORTCN,49207.426666666666
2021-11-27,IMPORTCN,49246.835333333336
2021-11-28,IMPORTCN,49286.244
2021-11-29,IMPORTCN,49325.65266666667
2021-11-30,IMPORTCN,49365.06133333333
2021-12-01,IMPORTCN,49404.47
2021-12-02,IMPORTCN,49349.47225806452
2021-12-03,IMPORTCN,49294.474516129034
2021-12-04,IMPORTCN,49239.47677419355
2021-12-05,IMPORTCN,49184.47903225807
2021-12-06,IMPORTCN,49129.48129032258
2021-12-07,IMPORTCN,49074.4835483871
2021-12-08,IMPORTCN,49019.485806451616
2021-12-09,IMPORTCN,48964.48806451613
2021-12-10,IMPORTCN,48909.49032258065
2021-12-11,IMPORTCN,48854.492580645165
2021-12-12,IMPORTCN,48799.49483870968
2021-12-13,IMPORTCN,48744.4970967742
2021-12-14,IMPORTCN,48689.499354838714
2021-12-15,IMPORTCN,48634.50161290323
2021-12-16,IMPORTCN,48579.50387096775
2021-12-17,IMPORTCN,48524.506129032256
2021-12-18,IMPORTCN,48469.50838709677
2021-12-19,IMPORTCN,48414.51064516129
2021-12-20,IMPORTCN,48359.512903225805
2021-12-21,IMPORTCN,48304.51516129032
2021-12-22,IMPORTCN,48249.51741935484
2021-12-23,IMPORTCN,48194.519677419354
2021-12-24,IMPORTCN,48139.52193548387
2021-12-25,IMPORTCN,48084.52419354839
2021-12-26,IMPORTCN,48029.5264516129
2021-12-27,IMPORTCN,47974.52870967742
2021-12-28,IMPORTCN,47919.530967741935
2021-12-29,IMPORTCN,47864.53322580645
2021-12-30,IMPORTCN,47809.53548387097
2021-12-31,IMPORTCN,47754.537741935485
2022-01-01,IMPORTCN,47699.54
